sub	sess	t	cond	onset	open_d	door	door_p	tgt_door	tgt_on	tgt_found	depress_dur	x	y
1	2	1	3	0.022	0	0	0.000	11	0	0	0.017	970.322	531.653
1	2	1	3	0.029	0	0	0.000	11	0	0	0.023	970.960	533.364
1	2	1	3	0.039	0	0	0.000	11	0	0	0.033	970.120	534.774
1	2	1	3	0.047	0	0	0.000	11	0	0	0.042	971.543	536.752
1	2	1	3	0.057	0	0	0.000	11	0	0	0.052	973.088	538.948
1	2	1	3	0.077	0	0	0.000	11	0	0	0.072	974.044	538.865
1	2	1	3	0.087	0	0	0.000	11	0	0	0.082	972.691	543.021
1	2	1	3	0.097	0	0	0.000	11	0	0	0.092	973.354	546.285
1	2	1	3	0.107	0	0	0.000	11	0	0	0.102	974.106	541.936
1	2	1	3	0.117	0	0	0.000	11	0	0	0.112	975.354	539.967
1	2	1	3	0.128	0	0	0.000	11	0	0	0.122	974.769	552.732
1	2	1	3	0.137	0	0	0.000	11	0	0	0.132	972.895	545.606
1	2	1	3	0.147	0	0	0.000	11	0	0	0.142	970.605	549.538
1	2	1	3	0.157	0	0	0.000	11	0	0	0.152	971.323	540.970
1	2	1	3	0.167	0	0	0.000	11	0	0	0.162	974.326	545.791
1	2	1	3	0.177	0	0	0.000	11	0	0	0.172	976.720	542.576
1	2	1	3	0.188	0	0	0.000	11	0	0	0.182	971.270	541.590
1	2	1	3	0.197	0	0	0.000	11	0	0	0.192	976.961	539.265
1	2	1	3	0.208	0	0	0.000	11	0	0	0.202	978.355	537.875
1	2	1	3	0.218	0	0	0.000	11	0	0	0.212	976.863	528.145
1	2	1	3	0.228	0	0	0.000	11	0	0	0.222	978.798	532.435
1	2	1	3	0.238	0	0	0.000	11	0	0	0.232	976.635	526.028
1	2	1	3	0.247	0	0	0.000	11	0	0	0.242	969.256	532.388
1	2	1	3	0.258	0	0	0.000	11	0	0	0.252	970.880	524.512
1	2	1	3	0.268	0	0	0.000	11	0	0	0.262	962.303	524.658
1	2	1	3	0.278	0	0	0.000	11	0	0	0.272	949.787	527.317
1	2	1	3	0.288	0	6	0.063	11	0	0	0.282	936.844	524.848
1	2	1	3	0.298	0	6	0.063	11	0	0	0.292	940.184	527.897
1	2	1	3	0.308	0	6	0.063	11	0	0	0.302	939.187	528.203
1	2	1	3	0.318	0	6	0.063	11	0	0	0.312	933.604	524.907
1	2	1	3	0.328	0	0	0.000	11	0	0	0.322	928.437	535.494
1	2	1	3	0.338	0	6	0.063	11	0	0	0.332	928.330	523.411
1	2	1	3	0.348	0	6	0.063	11	0	0	0.342	923.854	525.357
1	2	1	3	0.358	0	6	0.063	11	0	0	0.352	933.239	530.584
1	2	1	3	0.368	0	6	0.063	11	0	0	0.362	936.047	523.324
1	2	1	3	0.378	0	6	0.063	11	0	0	0.372	937.781	525.909
1	2	1	3	0.388	0	6	0.063	11	0	0	0.382	939.240	527.659
1	2	1	3	0.398	0	6	0.063	11	0	0	0.392	929.436	524.761
1	2	1	3	0.408	0	6	0.063	11	0	0	0.402	936.029	524.496
1	2	1	3	0.418	0	6	0.063	11	0	0	0.412	931.535	518.659
1	2	1	3	0.428	0	6	0.063	11	0	0	0.422	939.741	513.788
1	2	1	3	0.438	0	6	0.063	11	0	0	0.432	937.709	516.270
1	2	1	3	0.448	0	6	0.063	11	0	0	0.442	938.811	516.126
1	2	1	3	0.470	1	6	0.063	11	0	0	0.022	921.708	509.662
1	2	1	3	0.478	1	6	0.063	11	0	0	0.030	921.717	508.777
1	2	1	3	0.488	1	6	0.063	11	0	0	0.041	918.576	502.361
1	2	1	3	0.498	1	6	0.063	11	0	0	0.050	921.556	491.933
1	2	1	3	0.508	1	6	0.063	11	0	0	0.060	920.115	497.059
1	2	1	3	0.518	1	6	0.063	11	0	0	0.070	918.439	487.740
1	2	1	3	0.528	1	6	0.063	11	0	0	0.080	914.359	490.285
1	2	1	3	0.538	1	6	0.063	11	0	0	0.090	913.228	487.369
1	2	1	3	0.548	1	6	0.063	11	0	0	0.100	913.762	480.903
1	2	1	3	0.558	1	6	0.063	11	0	0	0.110	914.712	481.794
1	2	1	3	0.568	1	6	0.063	11	0	0	0.120	913.004	481.893
1	2	1	3	0.578	1	6	0.063	11	0	0	0.130	913.798	485.063
1	2	1	3	0.588	1	6	0.063	11	0	0	0.140	913.371	484.725
1	2	1	3	0.598	1	6	0.063	11	0	0	0.150	913.497	482.271
1	2	1	3	0.608	1	6	0.063	11	0	0	0.160	911.011	488.013
1	2	1	3	0.618	1	6	0.063	11	0	0	0.170	912.494	488.533
1	2	1	3	0.628	1	6	0.063	11	0	0	0.180	913.029	485.817
1	2	1	3	0.638	1	6	0.063	11	0	0	0.190	915.361	484.903
1	2	1	3	0.648	1	6	0.063	11	0	0	0.200	914.160	485.622
1	2	1	3	0.658	1	6	0.063	11	0	0	0.210	910.281	491.022
1	2	1	3	0.668	1	6	0.063	11	0	0	0.220	917.100	491.115
1	2	1	3	0.678	1	6	0.063	11	0	0	0.230	916.223	492.432
1	2	1	3	0.688	1	6	0.063	11	0	0	0.240	915.003	495.005
1	2	1	3	0.698	1	6	0.063	11	0	0	0.250	914.218	497.714
1	2	1	3	0.708	1	6	0.063	11	0	0	0.260	913.103	497.735
1	2	1	3	0.718	1	6	0.063	11	0	0	0.270	908.107	501.927
1	2	1	3	0.728	1	6	0.063	11	0	0	0.280	909.440	502.886
1	2	1	3	0.738	1	6	0.063	11	0	0	0.290	908.924	502.009
1	2	1	3	0.748	1	6	0.063	11	0	0	0.300	909.694	499.290
1	2	1	3	0.758	1	6	0.063	11	0	0	0.310	910.617	500.101
1	2	1	3	0.768	1	6	0.063	11	0	0	0.320	913.203	499.933
1	2	1	3	0.778	1	6	0.063	11	0	0	0.330	914.095	495.547
1	2	1	3	0.788	1	6	0.063	11	0	0	0.340	918.633	494.293
1	2	1	3	0.798	1	6	0.063	11	0	0	0.350	947.789	497.953
1	2	1	3	0.808	1	10	0.063	11	0	0	0.360	1008.528	495.357
1	2	1	3	0.818	1	10	0.063	11	0	0	0.370	999.268	497.957
1	2	1	3	0.828	1	10	0.063	11	0	0	0.380	996.972	496.960
1	2	1	3	0.838	1	10	0.063	11	0	0	0.390	999.242	495.639
1	2	1	3	0.848	1	10	0.063	11	0	0	0.400	994.470	496.035
1	2	1	3	0.858	1	10	0.063	11	0	0	0.410	1001.206	499.560
1	2	1	3	0.868	1	10	0.063	11	0	0	0.420	1003.579	499.989
1	2	1	3	0.878	1	10	0.063	11	0	0	0.430	1005.052	500.568
1	2	1	3	0.888	1	10	0.063	11	0	0	0.440	1005.950	500.811
1	2	1	3	0.898	1	10	0.063	11	0	0	0.450	1006.289	499.093
1	2	1	3	0.908	1	10	0.063	11	0	0	0.460	1007.322	498.758
1	2	1	3	0.918	1	10	0.063	11	0	0	0.470	1018.549	500.565
1	2	1	3	0.928	1	10	0.063	11	0	0	0.480	1020.018	497.997
1	2	1	3	0.938	1	10	0.063	11	0	0	0.490	1020.432	499.889
1	2	1	3	0.948	1	10	0.063	11	0	0	0.500	1013.827	501.502
1	2	1	3	0.958	1	10	0.063	11	0	0	0.510	1009.715	494.683
1	2	1	3	0.968	1	10	0.063	11	0	0	0.520	1016.856	486.418
1	2	1	3	0.988	0	10	0.063	11	0	0	0.018	1026.300	475.536
1	2	1	3	0.998	0	10	0.063	11	0	0	0.028	1027.090	475.843
1	2	1	3	1.008	0	10	0.063	11	0	0	0.038	1026.364	480.739
1	2	1	3	1.018	0	10	0.063	11	0	0	0.048	1020.798	476.003
1	2	1	3	1.028	0	10	0.063	11	0	0	0.058	1023.556	473.031
1	2	1	3	1.038	0	10	0.063	11	0	0	0.068	1027.908	471.908
1	2	1	3	1.048	0	10	0.063	11	0	0	0.078	1024.605	471.577
1	2	1	3	1.058	0	10	0.063	11	0	0	0.088	1021.854	477.406
1	2	1	3	1.068	0	10	0.063	11	0	0	0.098	1016.549	478.903
1	2	1	3	1.078	0	10	0.063	11	0	0	0.108	1015.429	478.328
1	2	1	3	1.088	0	10	0.063	11	0	0	0.118	1015.666	477.809
1	2	1	3	1.098	0	10	0.063	11	0	0	0.128	1012.745	479.391
1	2	1	3	1.108	0	10	0.063	11	0	0	0.138	1009.677	483.199
1	2	1	3	1.118	0	10	0.063	11	0	0	0.148	1002.778	487.569
1	2	1	3	1.128	0	10	0.063	11	0	0	0.158	1003.290	484.853
1	2	1	3	1.138	0	10	0.063	11	0	0	0.168	1000.700	489.509
1	2	1	3	1.148	0	10	0.063	11	0	0	0.178	996.822	491.324
1	2	1	3	1.158	0	10	0.063	11	0	0	0.188	998.293	501.133
1	2	1	3	1.168	0	10	0.063	11	0	0	0.198	990.914	499.727
1	2	1	3	1.178	0	10	0.063	11	0	0	0.208	985.272	498.289
1	2	1	3	1.188	0	10	0.063	11	0	0	0.218	993.921	499.751
1	2	1	3	1.208	1	10	0.063	11	0	0	0.020	988.547	509.306
1	2	1	3	1.218	1	10	0.063	11	0	0	0.030	977.853	504.668
1	2	1	3	1.228	1	10	0.063	11	0	0	0.040	980.048	507.541
1	2	1	3	1.238	1	10	0.063	11	0	0	0.050	980.206	494.932
1	2	1	3	1.248	1	10	0.063	11	0	0	0.060	981.966	515.467
1	2	1	3	1.258	1	10	0.063	11	0	0	0.070	984.426	513.541
1	2	1	3	1.268	1	10	0.063	11	0	0	0.080	983.739	491.591
1	2	1	3	1.278	1	10	0.063	11	0	0	0.090	982.192	508.686
1	2	1	3	1.288	1	10	0.063	11	0	0	0.100	982.774	487.085
1	2	1	3	1.298	1	10	0.063	11	0	0	0.110	984.843	495.791
1	2	1	3	1.308	1	10	0.063	11	0	0	0.120	986.696	488.121
1	2	1	3	1.318	1	10	0.063	11	0	0	0.130	990.103	484.683
1	2	1	3	1.328	1	10	0.063	11	0	0	0.140	990.378	489.316
1	2	1	3	1.338	1	10	0.063	11	0	0	0.150	1000.131	467.937
1	2	1	3	1.348	1	10	0.063	11	0	0	0.160	995.295	496.844
1	2	1	3	1.358	1	10	0.063	11	0	0	0.170	996.008	499.159
1	2	1	3	1.368	1	10	0.063	11	0	0	0.180	997.201	472.065
1	2	1	3	1.388	1	10	0.063	11	0	0	0.200	1006.141	468.415
1	2	1	3	1.398	1	10	0.063	11	0	0	0.210	1021.307	463.846
1	2	1	3	1.408	1	10	0.063	11	0	0	0.220	1012.599	459.110
1	2	1	3	1.418	1	10	0.063	11	0	0	0.230	1016.775	458.658
1	2	1	3	1.428	1	10	0.063	11	0	0	0.240	1005.396	453.713
1	2	1	3	1.438	0	0	0.000	11	0	0	0.250	1018.674	445.446
1	2	1	3	1.448	0	0	0.000	11	0	0	0.260	1020.427	447.688
1	2	1	3	1.458	1	10	0.063	11	0	0	0.270	1025.431	458.264
1	2	1	3	1.468	1	9	0.063	11	0	0	0.280	1033.125	426.625
1	2	1	3	1.488	1	9	0.063	11	1	0	0.300	1026.980	423.151
1	2	1	3	1.498	1	9	0.063	11	1	0	0.310	1029.527	417.331
1	2	1	3	1.508	0	0	0.000	11	1	0	0.320	1041.478	433.708
1	2	1	3	1.518	1	9	0.063	11	1	0	0.330	1046.123	403.035
1	2	1	3	1.529	1	9	0.063	11	1	0	0.340	1052.191	399.135
1	2	1	3	1.538	1	13	0.063	11	1	0	0.350	1061.415	395.405
1	2	1	3	1.548	1	13	0.063	11	1	0	0.360	1057.340	396.698
1	2	1	3	1.558	0	0	0.000	11	1	0	0.370	1052.574	393.507
1	2	1	3	1.568	0	0	0.000	11	1	0	0.380	1053.646	390.882
1	2	1	3	1.578	1	13	0.063	11	1	0	0.390	1060.662	388.203
1	2	1	3	1.588	1	13	0.063	11	1	0	0.400	1058.659	389.224
1	2	1	3	1.598	1	13	0.063	11	1	0	0.410	1058.673	388.681
1	2	1	3	1.608	1	13	0.063	11	1	0	0.420	1059.331	389.167
1	2	1	3	1.618	1	13	0.063	11	1	0	0.430	1066.527	393.118
1	2	1	3	1.628	1	13	0.063	11	1	0	0.440	1061.766	397.510
1	2	1	3	1.639	1	13	0.063	11	1	0	0.450	1060.851	397.864
1	2	1	3	1.648	1	13	0.063	11	1	0	0.460	1063.511	400.808
1	2	1	3	1.658	1	13	0.063	11	1	0	0.470	1062.750	397.940
1	2	1	3	1.668	1	13	0.063	11	1	0	0.480	1063.749	403.261
1	2	1	3	1.678	1	13	0.063	11	1	0	0.490	1061.257	406.894
1	2	1	3	1.688	1	13	0.063	11	1	0	0.500	1065.737	403.127
1	2	1	3	1.698	1	13	0.063	11	1	0	0.510	1066.606	404.836
1	2	1	3	1.708	1	13	0.063	11	1	0	0.520	1067.558	407.796
1	2	1	3	1.719	1	13	0.063	11	1	0	0.530	1068.054	409.275
1	2	1	3	1.729	1	13	0.063	11	1	0	0.540	1074.260	407.140
1	2	1	3	1.748	0	13	0.063	11	1	0	0.019	1073.166	409.681
1	2	1	3	1.758	0	13	0.063	11	1	0	0.029	1072.956	409.698
1	2	1	3	1.769	0	13	0.063	11	1	0	0.039	1076.574	408.396
1	2	1	3	1.779	0	13	0.063	11	1	0	0.049	1075.106	410.389
1	2	1	3	1.789	0	13	0.063	11	1	0	0.059	1076.073	410.196
1	2	1	3	1.799	0	13	0.063	11	1	0	0.069	1085.073	406.820
1	2	1	3	1.809	0	13	0.063	11	1	0	0.079	1078.419	406.409
1	2	1	3	1.819	0	13	0.063	11	1	0	0.089	1072.577	401.365
1	2	1	3	1.829	0	13	0.063	11	1	0	0.099	1075.663	402.549
1	2	1	3	1.839	0	13	0.063	11	1	0	0.109	1077.149	403.699
1	2	1	3	1.849	0	13	0.063	11	1	0	0.119	1080.142	405.540
1	2	1	3	1.859	0	13	0.063	11	1	0	0.129	1080.981	407.899
1	2	1	3	1.869	0	13	0.063	11	1	0	0.139	1081.650	412.761
1	2	1	3	1.879	0	13	0.063	11	1	0	0.149	1084.442	407.790
1	2	1	3	1.889	0	13	0.063	11	1	0	0.159	1083.180	413.964
1	2	1	3	1.899	0	13	0.063	11	1	0	0.169	1085.399	419.733
1	2	1	3	1.939	0	13	0.063	11	1	0	0.209	1081.930	422.450
1	2	1	3	1.989	0	0	0.000	11	1	0	0.259	0.000	0.000
1	2	1	3	2.009	0	13	0.063	11	1	0	0.279	1086.466	415.807
1	2	1	3	2.019	0	13	0.063	11	1	0	0.289	1096.502	410.518
1	2	1	3	2.029	0	13	0.063	11	1	0	0.299	1089.627	413.197
1	2	1	3	2.049	1	13	0.063	11	1	0	0.020	1093.664	393.589
1	2	1	3	2.059	1	13	0.063	11	1	0	0.030	1097.897	392.788
1	2	1	3	2.069	1	13	0.063	11	1	0	0.040	1121.849	388.228
1	2	1	3	2.079	1	13	0.063	11	1	0	0.050	1109.382	382.975
1	2	1	3	2.089	1	13	0.063	11	1	0	0.060	1100.534	382.654
1	2	1	3	2.099	1	13	0.063	11	1	0	0.070	1123.211	378.723
1	2	1	3	2.109	1	13	0.063	11	1	0	0.080	1109.221	376.693
1	2	1	3	2.119	1	13	0.063	11	1	0	0.090	1107.615	371.555
1	2	1	3	2.129	1	13	0.063	11	1	0	0.100	1109.488	373.051
1	2	1	3	2.139	1	13	0.063	11	1	0	0.110	1107.027	373.934
1	2	1	3	2.149	1	13	0.063	11	1	0	0.120	1117.169	373.595
1	2	1	3	2.159	1	13	0.063	11	1	0	0.130	1113.555	376.876
1	2	1	3	2.169	1	13	0.063	11	1	0	0.140	1120.240	375.576
1	2	1	3	2.179	1	13	0.063	11	1	0	0.150	1127.189	378.574
1	2	1	3	2.189	1	13	0.063	11	1	0	0.160	1115.346	381.743
1	2	1	3	2.199	1	13	0.063	11	1	0	0.170	1119.095	386.533
1	2	1	3	2.209	1	13	0.063	11	1	0	0.180	1113.952	389.259
1	2	1	3	2.219	1	13	0.063	11	1	0	0.190	1111.205	394.684
1	2	1	3	2.229	1	13	0.063	11	1	0	0.200	1111.118	396.949
1	2	1	3	2.239	1	13	0.063	11	1	0	0.210	1105.307	396.143
1	2	1	3	2.249	1	13	0.063	11	1	0	0.220	1098.025	398.112
1	2	1	3	2.259	1	13	0.063	11	1	0	0.230	1096.836	399.311
1	2	1	3	2.269	1	13	0.063	11	1	0	0.240	1059.880	402.397
1	2	1	3	2.279	1	9	0.063	11	1	0	0.250	1046.791	400.489
1	2	1	3	2.289	1	9	0.063	11	1	0	0.260	1051.396	399.835
1	2	1	3	2.299	1	9	0.063	11	1	0	0.270	1047.527	400.613
1	2	1	3	2.309	1	9	0.063	11	1	0	0.280	1038.324	404.558
1	2	1	3	2.319	1	9	0.063	11	1	0	0.290	1036.832	399.737
1	2	1	3	2.329	1	9	0.063	11	1	0	0.300	1037.241	405.074
1	2	1	3	2.339	1	9	0.063	11	1	0	0.310	1032.859	401.568
1	2	1	3	2.349	1	9	0.063	11	1	0	0.320	1036.805	401.650
1	2	1	3	2.359	1	9	0.063	11	1	0	0.330	1033.915	393.329
1	2	1	3	2.369	1	9	0.063	11	1	0	0.340	1028.867	387.769
1	2	1	3	2.379	1	9	0.063	11	1	0	0.350	1029.554	391.875
1	2	1	3	2.389	1	9	0.063	11	1	0	0.360	1028.931	391.819
1	2	1	3	2.399	1	9	0.063	11	1	0	0.370	1032.183	395.069
1	2	1	3	2.409	1	9	0.063	11	1	0	0.380	1032.228	386.355
1	2	1	3	2.419	1	9	0.063	11	1	0	0.390	1029.838	381.083
1	2	1	3	2.429	1	9	0.063	11	1	0	0.400	1032.725	380.894
1	2	1	3	2.439	1	9	0.063	11	1	0	0.410	1032.280	377.624
1	2	1	3	2.449	1	9	0.063	11	1	0	0.420	1030.271	378.925
1	2	1	3	2.459	1	9	0.063	11	1	0	0.430	1030.269	382.206
1	2	1	3	2.469	1	9	0.063	11	1	0	0.440	1031.978	385.977
1	2	1	3	2.479	1	9	0.063	11	1	0	0.450	1029.650	390.257
1	2	1	3	2.489	1	9	0.063	11	1	0	0.460	1028.755	385.691
1	2	1	3	2.499	1	9	0.063	11	1	0	0.470	1026.903	389.570
1	2	1	3	2.509	1	9	0.063	11	1	0	0.480	1024.141	385.959
1	2	1	3	2.519	1	9	0.063	11	1	0	0.490	1025.786	390.159
1	2	1	3	2.529	1	9	0.063	11	1	0	0.500	1025.522	386.386
1	2	1	3	2.539	1	9	0.063	11	1	0	0.510	1022.660	384.074
1	2	1	3	2.549	1	9	0.063	11	1	0	0.520	1021.639	376.852
1	2	1	3	2.569	0	9	0.063	11	1	0	0.019	1024.413	372.886
1	2	1	3	2.579	0	9	0.063	11	1	0	0.029	1026.538	358.502
1	2	1	3	2.589	0	9	0.063	11	1	0	0.039	1024.615	360.410
1	2	1	3	2.599	0	0	0.000	11	1	0	0.049	1026.119	356.638
1	2	1	3	2.609	0	9	0.063	11	1	0	0.059	1024.299	356.633
1	2	1	3	2.619	0	0	0.000	11	1	0	0.069	1022.491	353.569
1	2	1	3	2.629	0	0	0.000	11	1	0	0.079	1022.330	350.064
1	2	1	3	2.639	0	0	0.000	11	1	0	0.089	1023.311	347.942
1	2	1	3	2.649	0	0	0.000	11	1	0	0.099	1022.400	345.444
1	2	1	3	2.659	0	0	0.000	11	1	0	0.109	1021.313	345.408
1	2	1	3	2.669	0	0	0.000	11	1	0	0.119	1022.645	345.225
1	2	1	3	2.679	0	0	0.000	11	1	0	0.129	1023.531	347.024
1	2	1	3	2.689	0	0	0.000	11	1	0	0.139	1025.073	339.288
1	2	1	3	2.699	0	0	0.000	11	1	0	0.149	1026.167	341.421
1	2	1	3	2.789	0	0	0.000	11	1	0	0.239	0.000	0.000
1	2	1	3	2.809	0	0	0.000	11	1	0	0.259	1024.181	340.606
1	2	1	3	2.819	0	0	0.000	11	1	0	0.269	1027.497	342.367
1	2	1	3	2.829	0	0	0.000	11	1	0	0.279	1027.621	343.731
1	2	1	3	2.839	0	0	0.000	11	1	0	0.289	1005.813	350.074
1	2	1	3	2.859	0	9	0.063	11	1	0	0.309	1002.214	354.036
1	2	1	3	2.869	0	0	0.000	11	1	0	0.319	1013.491	353.182
1	2	1	3	2.879	0	9	0.063	11	1	0	0.329	1006.629	353.637
1	2	1	3	2.889	0	0	0.000	11	1	0	0.339	991.769	352.851
1	2	1	3	2.899	0	0	0.000	11	1	0	0.349	1003.631	352.428
1	2	1	3	2.909	0	9	0.063	11	1	0	0.359	1003.430	354.983
1	2	1	3	2.919	0	9	0.063	11	1	0	0.369	1000.551	356.914
1	2	1	3	2.929	0	9	0.063	11	1	0	0.379	1003.481	355.735
1	2	1	3	2.939	0	9	0.063	11	1	0	0.389	1003.581	357.118
1	2	1	3	2.959	0	9	0.063	11	1	0	0.409	1001.792	357.567
1	2	1	3	2.969	0	9	0.063	11	1	0	0.419	995.368	362.709
1	2	1	3	2.979	0	9	0.063	11	1	0	0.429	990.861	368.191
1	2	1	3	2.989	0	9	0.063	11	1	0	0.439	987.023	371.543
1	2	1	3	2.999	0	9	0.063	11	1	0	0.450	983.789	374.133
1	2	1	3	3.009	0	9	0.063	11	1	0	0.459	987.248	374.281
1	2	1	3	3.019	0	9	0.063	11	1	0	0.469	982.236	380.649
1	2	1	3	3.029	0	9	0.063	11	1	0	0.480	980.584	382.615
1	2	1	3	3.039	0	9	0.063	11	1	0	0.489	977.968	383.094
1	2	1	3	3.049	0	9	0.063	11	1	0	0.499	978.603	385.963
1	2	1	3	3.069	1	9	0.063	11	1	0	0.020	975.699	391.053
1	2	1	3	3.079	1	9	0.063	11	1	0	0.030	977.775	391.258
1	2	1	3	3.089	1	9	0.063	11	1	0	0.040	977.158	391.257
1	2	1	3	3.099	1	9	0.063	11	1	0	0.050	972.079	391.263
1	2	1	3	3.139	1	9	0.063	11	1	0	0.090	975.844	392.460
1	2	1	3	3.189	0	0	0.000	11	1	0	0.140	0.000	0.000
1	2	1	3	3.209	1	9	0.063	11	1	0	0.160	974.008	392.310
1	2	1	3	3.219	1	9	0.063	11	1	0	0.170	968.884	390.259
1	2	1	3	3.229	1	9	0.063	11	1	0	0.180	985.422	387.072
1	2	1	3	3.239	1	9	0.063	11	1	0	0.190	968.477	382.709
1	2	1	3	3.249	1	9	0.063	11	1	0	0.200	970.703	382.411
1	2	1	3	3.259	1	9	0.063	11	1	0	0.210	974.677	381.558
1	2	1	3	3.269	1	9	0.063	11	1	0	0.220	982.237	384.316
1	2	1	3	3.279	1	9	0.063	11	1	0	0.230	973.015	382.119
1	2	1	3	3.289	1	9	0.063	11	1	0	0.240	1002.867	376.231
1	2	1	3	3.299	1	9	0.063	11	1	0	0.250	984.595	382.998
1	2	1	3	3.320	1	9	0.063	11	1	0	0.270	976.086	387.748
1	2	1	3	3.330	1	9	0.063	11	1	0	0.280	970.976	393.274
1	2	1	3	3.340	1	9	0.063	11	1	0	0.290	981.126	392.475
1	2	1	3	3.350	1	9	0.063	11	1	0	0.300	979.084	396.006
1	2	1	3	3.360	1	9	0.063	11	1	0	0.310	971.497	397.257
1	2	1	3	3.370	1	5	0.063	11	1	0	0.320	876.573	397.088
1	2	1	3	3.380	1	5	0.063	11	1	0	0.330	895.560	400.112
1	2	1	3	3.390	1	5	0.063	11	1	0	0.340	947.177	400.633
1	2	1	3	3.400	1	5	0.063	11	1	0	0.350	913.684	399.673
1	2	1	3	3.420	1	5	0.063	11	1	0	0.370	920.051	403.051
1	2	1	3	3.430	1	5	0.063	11	1	0	0.380	929.165	403.164
1	2	1	3	3.440	1	5	0.063	11	1	0	0.390	925.178	403.171
1	2	1	3	3.450	1	5	0.063	11	1	0	0.400	917.565	404.726
1	2	1	3	3.460	1	5	0.063	11	1	0	0.410	927.048	404.690
1	2	1	3	3.470	1	5	0.063	11	1	0	0.420	924.155	407.212
1	2	1	3	3.480	1	5	0.063	11	1	0	0.430	923.034	408.531
1	2	1	3	3.490	1	5	0.063	11	1	0	0.440	920.876	406.465
1	2	1	3	3.500	1	5	0.063	11	1	0	0.450	906.674	407.210
1	2	1	3	3.550	1	5	0.063	11	1	0	0.500	914.683	406.660
1	2	1	3	3.590	0	0	0.000	11	1	0	0.540	0.000	0.000
1	2	1	3	3.610	1	5	0.063	11	1	0	0.560	913.200	406.204
1	2	1	3	3.620	1	5	0.063	11	1	0	0.570	901.386	407.133
1	2	1	3	3.630	1	5	0.063	11	1	0	0.580	897.026	403.399
1	2	1	3	3.640	1	5	0.063	11	1	0	0.590	896.627	403.177
1	2	1	3	3.650	1	5	0.063	11	1	0	0.600	894.683	399.288
1	2	1	3	3.660	1	5	0.063	11	1	0	0.610	896.841	400.571
1	2	1	3	3.670	1	5	0.063	11	1	0	0.620	902.937	401.996
1	2	1	3	3.680	1	5	0.063	11	1	0	0.630	917.904	392.843
1	2	1	3	3.690	1	5	0.063	11	1	0	0.640	920.051	391.967
1	2	1	3	3.700	1	5	0.063	11	1	0	0.650	921.316	394.729
1	2	1	3	3.710	1	5	0.063	11	1	0	0.660	925.225	391.713
1	2	1	3	3.720	1	5	0.063	11	1	0	0.670	914.767	393.406
1	2	1	3	3.730	1	5	0.063	11	1	0	0.681	925.249	385.233
1	2	1	3	3.740	1	5	0.063	11	1	0	0.690	926.392	383.998
1	2	1	3	3.750	1	5	0.063	11	1	0	0.701	923.013	386.090
1	2	1	3	3.770	0	5	0.063	11	1	0	0.019	913.100	385.130
1	2	1	3	3.780	0	5	0.063	11	1	0	0.029	899.380	389.215
1	2	1	3	3.790	0	5	0.063	11	1	0	0.039	904.816	385.340
1	2	1	3	3.800	0	5	0.063	11	1	0	0.049	896.684	383.428
1	2	1	3	3.810	0	5	0.063	11	1	0	0.059	904.341	382.765
1	2	1	3	3.820	0	5	0.063	11	1	0	0.069	913.375	386.304
1	2	1	3	3.830	0	5	0.063	11	1	0	0.079	946.496	393.050
1	2	1	3	3.840	0	0	0.000	11	1	0	0.089	959.149	396.777
1	2	1	3	3.850	0	9	0.063	11	1	0	0.099	977.111	397.222
1	2	1	3	3.860	0	9	0.063	11	1	0	0.109	977.804	395.018
1	2	1	3	3.870	0	9	0.063	11	1	0	0.119	985.756	396.654
1	2	1	3	3.880	0	9	0.063	11	1	0	0.129	974.838	401.760
1	2	1	3	3.890	0	9	0.063	11	1	0	0.139	990.966	401.142
1	2	1	3	3.900	0	9	0.063	11	1	0	0.149	966.068	402.541
1	2	1	3	3.940	0	9	0.063	11	1	0	0.189	994.494	401.824
1	2	1	3	3.990	0	0	0.000	11	1	0	0.239	0.000	0.000
1	2	1	3	4.010	0	9	0.063	11	1	0	0.259	974.874	402.794
1	2	1	3	4.020	0	9	0.063	11	1	0	0.269	978.692	399.135
1	2	1	3	4.030	0	5	0.063	11	1	0	0.279	951.721	403.535
1	2	1	3	4.040	0	5	0.063	11	1	0	0.289	913.572	400.103
1	2	1	3	4.050	0	5	0.063	11	1	0	0.299	945.369	403.144
1	2	1	3	4.060	0	5	0.063	11	1	0	0.309	934.135	402.030
1	2	1	3	4.070	0	5	0.063	11	1	0	0.319	940.467	403.516
1	2	1	3	4.080	0	5	0.063	11	1	0	0.329	904.961	405.794
1	2	1	3	4.090	0	5	0.063	11	1	0	0.339	908.926	406.652
1	2	1	3	4.100	0	5	0.063	11	1	0	0.349	919.689	408.603
1	2	1	3	4.110	0	5	0.063	11	1	0	0.359	923.577	406.142
1	2	1	3	4.120	0	5	0.063	11	1	0	0.369	909.020	407.097
1	2	1	3	4.130	0	5	0.063	11	1	0	0.379	923.568	408.492
1	2	1	3	4.140	0	5	0.063	11	1	0	0.389	912.143	406.908
1	2	1	3	4.150	0	5	0.063	11	1	0	0.399	906.405	407.181
1	2	1	3	4.160	0	5	0.063	11	1	0	0.409	907.896	406.530
1	2	1	3	4.170	0	5	0.063	11	1	0	0.419	915.183	405.278
1	2	1	3	4.180	0	5	0.063	11	1	0	0.429	913.710	405.270
1	2	1	3	4.200	1	5	0.063	11	1	0	0.020	918.503	407.091
1	2	1	3	4.210	1	5	0.063	11	1	0	0.030	912.908	409.678
1	2	1	3	4.220	1	5	0.063	11	1	0	0.040	920.305	408.568
1	2	1	3	4.230	1	5	0.063	11	1	0	0.050	920.647	409.751
1	2	1	3	4.240	1	5	0.063	11	1	0	0.060	920.783	410.016
1	2	1	3	4.250	1	5	0.063	11	1	0	0.070	926.953	410.983
1	2	1	3	4.260	1	5	0.063	11	1	0	0.080	916.885	408.860
1	2	1	3	4.270	1	5	0.063	11	1	0	0.090	924.809	407.184
1	2	1	3	4.280	1	5	0.063	11	1	0	0.100	928.346	407.415
1	2	1	3	4.290	1	5	0.063	11	1	0	0.110	926.213	410.237
1	2	1	3	4.300	1	5	0.063	11	1	0	0.120	921.046	412.483
1	2	1	3	4.340	1	5	0.063	11	1	0	0.160	929.097	409.295
1	2	1	3	4.390	0	0	0.000	11	1	0	0.210	0.000	0.000
1	2	1	3	4.410	1	5	0.063	11	1	0	0.230	925.530	413.027
1	2	1	3	4.420	1	5	0.063	11	1	0	0.240	910.047	404.880
1	2	1	3	4.430	1	1	0.063	11	1	0	0.250	836.055	405.981
1	2	1	3	4.440	1	1	0.063	11	1	0	0.260	847.145	411.820
1	2	1	3	4.450	1	5	0.063	11	1	0	0.270	905.291	386.118
1	2	1	3	4.461	0	0	0.000	11	1	0	0.281	868.342	408.670
1	2	1	3	4.470	1	5	0.063	11	1	0	0.290	879.630	403.202
1	2	1	3	4.480	1	1	0.063	11	1	0	0.300	861.958	404.269
1	2	1	3	4.490	1	1	0.063	11	1	0	0.310	850.123	408.798
1	2	1	3	4.500	1	1	0.063	11	1	0	0.320	856.959	403.036
1	2	1	3	4.510	1	1	0.063	11	1	0	0.330	842.258	408.893
1	2	1	3	4.520	1	1	0.063	11	1	0	0.340	831.715	409.319
1	2	1	3	4.530	1	1	0.063	11	1	0	0.350	837.087	408.672
1	2	1	3	4.541	1	1	0.063	11	1	0	0.361	836.361	403.455
1	2	1	3	4.550	1	1	0.063	11	1	0	0.370	849.627	404.207
1	2	1	3	4.560	1	1	0.063	11	1	0	0.380	830.563	404.104
1	2	1	3	4.570	1	1	0.063	11	1	0	0.390	822.088	409.632
1	2	1	3	4.580	1	1	0.063	11	1	0	0.400	809.116	418.409
1	2	1	3	4.590	1	1	0.063	11	1	0	0.410	821.329	401.496
1	2	1	3	4.600	1	1	0.063	11	1	0	0.420	814.179	403.185
1	2	1	3	4.610	1	1	0.063	11	1	0	0.430	819.720	409.142
1	2	1	3	4.620	1	1	0.063	11	1	0	0.440	812.670	411.287
1	2	1	3	4.630	1	1	0.063	11	1	0	0.450	817.493	404.220
1	2	1	3	4.640	1	1	0.063	11	1	0	0.460	822.673	396.777
1	2	1	3	4.650	1	1	0.063	11	1	0	0.470	838.201	394.559
1	2	1	3	4.660	1	1	0.063	11	1	0	0.480	837.428	393.496
1	2	1	3	4.670	1	1	0.063	11	1	0	0.490	841.009	389.952
1	2	1	3	4.680	1	1	0.063	11	1	0	0.500	836.043	395.270
1	2	1	3	4.690	1	1	0.063	11	1	0	0.510	837.430	400.256
1	2	1	3	4.700	1	1	0.063	11	1	0	0.520	843.710	388.423
1	2	1	3	4.710	1	1	0.063	11	1	0	0.530	841.332	390.422
1	2	1	3	4.720	1	1	0.063	11	1	0	0.540	840.271	388.512
1	2	1	3	4.730	1	1	0.063	11	1	0	0.550	845.747	390.442
1	2	1	3	4.740	1	1	0.063	11	1	0	0.560	837.337	396.040
1	2	1	3	4.750	1	1	0.063	11	1	0	0.570	836.671	396.705
1	2	1	3	4.760	1	1	0.063	11	1	0	0.580	834.412	399.415
1	2	1	3	4.770	1	1	0.063	11	1	0	0.590	832.333	402.793
1	2	1	3	4.780	1	1	0.063	11	1	0	0.600	848.435	397.096
1	2	1	3	4.801	0	1	0.063	11	1	0	0.019	833.264	401.878
1	2	1	3	4.811	0	1	0.063	11	1	0	0.029	834.040	403.456
1	2	1	3	4.821	0	1	0.063	11	1	0	0.039	848.445	399.314
1	2	1	3	4.830	0	1	0.063	11	1	0	0.049	837.519	399.167
1	2	1	3	4.841	0	1	0.063	11	1	0	0.059	839.717	393.754
1	2	1	3	4.851	0	1	0.063	11	1	0	0.069	835.358	393.228
1	2	1	3	4.871	0	1	0.063	11	1	0	0.089	840.663	382.825
1	2	1	3	4.881	0	1	0.063	11	1	0	0.099	844.166	370.371
1	2	1	3	4.891	0	1	0.063	11	1	0	0.109	843.086	370.499
1	2	1	3	4.901	0	1	0.063	11	1	0	0.119	845.857	371.784
1	2	1	3	4.911	0	0	0.000	11	1	0	0.129	851.604	365.517
1	2	1	3	4.921	0	1	0.063	11	1	0	0.139	852.579	371.604
1	2	1	3	4.931	0	1	0.063	11	1	0	0.149	842.083	376.519
1	2	1	3	4.941	0	1	0.063	11	1	0	0.159	841.595	375.628
1	2	1	3	4.951	0	1	0.063	11	1	0	0.169	843.269	372.807
1	2	1	3	4.971	0	1	0.063	11	1	0	0.189	840.931	374.995
1	2	1	3	4.981	0	1	0.063	11	1	0	0.199	839.892	382.057
1	2	1	3	5.021	0	1	0.063	11	1	0	0.239	838.299	389.211
1	2	1	3	5.071	0	0	0.000	11	1	0	0.289	0.000	0.000
1	2	1	3	5.091	0	1	0.063	11	1	0	0.309	828.314	393.370
1	2	1	3	5.101	0	1	0.063	11	1	0	0.320	832.058	395.739
1	2	1	3	5.121	1	1	0.063	11	1	0	0.020	836.637	394.633
1	2	1	3	5.131	1	1	0.063	11	1	0	0.030	835.240	407.410
1	2	1	3	5.141	1	1	0.063	11	1	0	0.040	840.705	397.691
1	2	1	3	5.151	1	1	0.063	11	1	0	0.050	838.471	402.002
1	2	1	3	5.161	1	1	0.063	11	1	0	0.060	817.627	408.841
1	2	1	3	5.171	1	1	0.063	11	1	0	0.070	835.300	399.317
1	2	1	3	5.181	1	1	0.063	11	1	0	0.080	836.347	402.890
1	2	1	3	5.191	1	1	0.063	11	1	0	0.090	834.417	403.970
1	2	1	3	5.201	1	1	0.063	11	1	0	0.100	832.915	412.759
1	2	1	3	5.381	1	2	0.063	11	1	0	0.280	838.879	501.501
1	2	1	3	5.401	1	2	0.063	11	1	0	0.300	839.731	499.935
1	2	1	3	5.411	1	2	0.063	11	1	0	0.310	843.570	499.504
1	2	1	3	5.421	1	2	0.063	11	1	0	0.320	842.187	500.674
1	2	1	3	5.431	1	2	0.063	11	1	0	0.330	841.452	498.246
1	2	1	3	5.441	1	2	0.063	11	1	0	0.340	838.380	497.859
1	2	1	3	5.451	1	2	0.063	11	1	0	0.350	836.940	507.205
1	2	1	3	5.461	1	2	0.063	11	1	0	0.360	841.560	504.704
1	2	1	3	5.471	1	2	0.063	11	1	0	0.370	843.316	504.869
1	2	1	3	5.481	1	2	0.063	11	1	0	0.380	827.624	509.352
1	2	1	3	5.501	1	2	0.063	11	1	0	0.400	825.661	516.424
1	2	1	3	5.511	1	2	0.063	11	1	0	0.410	823.330	513.967
1	2	1	3	5.521	1	2	0.063	11	1	0	0.420	828.003	511.193
1	2	1	3	5.531	1	2	0.063	11	1	0	0.430	838.541	512.185
1	2	1	3	5.541	1	2	0.063	11	1	0	0.440	840.304	513.190
1	2	1	3	5.551	1	2	0.063	11	1	0	0.450	845.896	512.499
1	2	1	3	5.561	1	2	0.063	11	1	0	0.460	835.835	514.318
1	2	1	3	5.571	1	2	0.063	11	1	0	0.470	841.543	508.842
1	2	1	3	5.581	1	2	0.063	11	1	0	0.480	846.882	518.083
1	2	1	3	5.601	1	2	0.063	11	1	0	0.500	845.379	527.458
1	2	1	3	5.611	1	2	0.063	11	1	0	0.510	846.418	521.124
1	2	1	3	5.621	1	2	0.063	11	1	0	0.520	848.250	523.979
1	2	1	3	5.631	1	2	0.063	11	1	0	0.530	853.973	517.841
1	2	1	3	5.641	1	2	0.063	11	1	0	0.540	851.841	522.097
1	2	1	3	5.651	1	2	0.063	11	1	0	0.550	853.029	516.848
1	2	1	3	5.661	1	2	0.063	11	1	0	0.560	852.954	518.130
1	2	1	3	5.671	1	2	0.063	11	1	0	0.570	853.878	515.100
1	2	1	3	5.681	1	2	0.063	11	1	0	0.580	856.803	506.093
1	2	1	3	5.701	1	2	0.063	11	1	0	0.600	851.523	505.197
1	2	1	3	5.711	1	2	0.063	11	1	0	0.610	852.676	502.487
1	2	1	3	5.721	1	2	0.063	11	1	0	0.620	852.002	500.544
1	2	1	3	5.731	1	2	0.063	11	1	0	0.630	853.021	504.369
1	2	1	3	5.741	1	2	0.063	11	1	0	0.640	846.744	500.720
1	2	1	3	5.751	1	2	0.063	11	1	0	0.650	848.067	499.978
1	2	1	3	5.761	1	2	0.063	11	1	0	0.660	851.621	501.197
1	2	1	3	5.771	1	2	0.063	11	1	0	0.670	847.602	500.821
1	2	1	3	5.781	1	2	0.063	11	1	0	0.680	848.248	493.042
1	2	1	3	5.801	1	2	0.063	11	1	0	0.700	844.347	494.873
1	2	1	3	5.811	1	2	0.063	11	1	0	0.710	841.617	496.804
1	2	1	3	5.821	1	2	0.063	11	1	0	0.720	838.470	496.391
1	2	1	3	5.831	1	2	0.063	11	1	0	0.730	839.920	498.300
1	2	1	3	5.841	1	2	0.063	11	1	0	0.740	838.499	497.593
1	2	1	3	5.861	0	0	0.000	11	1	0	0.019	0.000	0.000
1	2	1	3	5.871	0	0	0.000	11	1	0	0.029	0.000	0.000
1	2	1	3	5.881	0	0	0.000	11	1	0	0.039	0.000	0.000
1	2	1	3	5.891	0	0	0.000	11	1	0	0.049	0.000	0.000
1	2	1	3	5.901	0	0	0.000	11	1	0	0.059	0.000	0.000
1	2	1	3	5.911	0	0	0.000	11	1	0	0.069	0.000	0.000
1	2	1	3	5.921	0	0	0.000	11	1	0	0.079	0.000	0.000
1	2	1	3	5.931	0	0	0.000	11	1	0	0.089	0.000	0.000
1	2	1	3	5.941	0	0	0.000	11	1	0	0.099	0.000	0.000
1	2	1	3	5.951	0	0	0.000	11	1	0	0.109	0.000	0.000
1	2	1	3	5.961	0	0	0.000	11	1	0	0.119	0.000	0.000
1	2	1	3	5.971	0	0	0.000	11	1	0	0.129	0.000	0.000
1	2	1	3	5.981	0	0	0.000	11	1	0	0.139	0.000	0.000
1	2	1	3	5.991	0	0	0.000	11	1	0	0.149	0.000	0.000
1	2	1	3	6.001	0	0	0.000	11	1	0	0.159	0.000	0.000
1	2	1	3	6.011	0	0	0.000	11	1	0	0.169	0.000	0.000
1	2	1	3	6.021	0	0	0.000	11	1	0	0.179	0.000	0.000
1	2	1	3	6.031	0	0	0.000	11	1	0	0.189	0.000	0.000
1	2	1	3	6.041	0	0	0.000	11	1	0	0.199	0.000	0.000
1	2	1	3	6.051	0	0	0.000	11	1	0	0.209	0.000	0.000
1	2	1	3	6.061	0	0	0.000	11	1	0	0.219	0.000	0.000
1	2	1	3	6.071	0	0	0.000	11	1	0	0.229	0.000	0.000
1	2	1	3	6.081	0	0	0.000	11	1	0	0.239	0.000	0.000
1	2	1	3	6.091	0	0	0.000	11	1	0	0.249	0.000	0.000
1	2	1	3	6.111	0	0	0.000	11	1	0	0.269	0.000	0.000
1	2	1	3	6.121	0	0	0.000	11	1	0	0.279	0.000	0.000
1	2	1	3	6.131	0	0	0.000	11	1	0	0.289	0.000	0.000
1	2	1	3	6.141	0	0	0.000	11	1	0	0.299	0.000	0.000
1	2	1	3	6.151	0	0	0.000	11	1	0	0.309	0.000	0.000
1	2	1	3	6.161	0	0	0.000	11	1	0	0.319	0.000	0.000
1	2	1	3	6.171	0	0	0.000	11	1	0	0.329	0.000	0.000
1	2	1	3	6.181	0	0	0.000	11	1	0	0.339	0.000	0.000
1	2	1	3	6.191	0	0	0.000	11	1	0	0.349	0.000	0.000
1	2	1	3	6.201	0	0	0.000	11	1	0	0.359	0.000	0.000
1	2	1	3	6.211	0	0	0.000	11	1	0	0.369	0.000	0.000
1	2	1	3	6.221	0	0	0.000	11	1	0	0.379	0.000	0.000
1	2	1	3	6.231	0	0	0.000	11	1	0	0.389	0.000	0.000
1	2	1	3	6.241	0	0	0.000	11	1	0	0.399	0.000	0.000
1	2	1	3	6.251	0	0	0.000	11	1	0	0.409	0.000	0.000
1	2	1	3	6.262	0	0	0.000	11	1	0	0.420	0.000	0.000
1	2	1	3	6.271	0	0	0.000	11	1	0	0.429	0.000	0.000
1	2	1	3	6.281	0	0	0.000	11	1	0	0.439	0.000	0.000
1	2	1	3	6.291	0	0	0.000	11	1	0	0.449	0.000	0.000
1	2	1	3	6.301	0	0	0.000	11	1	0	0.459	0.000	0.000
1	2	1	3	6.311	0	0	0.000	11	1	0	0.469	0.000	0.000
1	2	1	3	6.321	0	0	0.000	11	1	0	0.480	0.000	0.000
1	2	1	3	6.332	0	0	0.000	11	1	0	0.490	0.000	0.000
1	2	1	3	6.342	0	0	0.000	11	1	0	0.500	0.000	0.000
1	2	1	3	6.352	0	0	0.000	11	1	0	0.510	0.000	0.000
1	2	1	3	6.362	0	0	0.000	11	1	0	0.520	0.000	0.000
1	2	1	3	6.371	0	0	0.000	11	1	0	0.530	0.000	0.000
1	2	1	3	6.382	0	0	0.000	11	1	0	0.540	0.000	0.000
1	2	1	3	6.392	0	0	0.000	11	1	0	0.550	0.000	0.000
1	2	1	3	6.412	0	0	0.000	11	1	0	0.570	0.000	0.000
1	2	1	3	6.422	0	0	0.000	11	1	0	0.580	0.000	0.000
1	2	1	3	6.432	0	0	0.000	11	1	0	0.590	0.000	0.000
1	2	1	3	6.442	0	0	0.000	11	1	0	0.600	0.000	0.000
1	2	1	3	6.452	0	0	0.000	11	1	0	0.610	0.000	0.000
1	2	1	3	6.462	0	0	0.000	11	1	0	0.620	0.000	0.000
1	2	1	3	6.472	0	0	0.000	11	1	0	0.630	0.000	0.000
1	2	1	3	6.482	0	0	0.000	11	1	0	0.640	0.000	0.000
1	2	1	3	6.492	0	0	0.000	11	1	0	0.650	0.000	0.000
1	2	1	3	6.502	0	0	0.000	11	1	0	0.660	0.000	0.000
1	2	1	3	6.512	0	0	0.000	11	1	0	0.670	0.000	0.000
1	2	1	3	6.522	0	0	0.000	11	1	0	0.680	0.000	0.000
1	2	1	3	6.532	0	0	0.000	11	1	0	0.690	0.000	0.000
1	2	1	3	6.542	0	0	0.000	11	1	0	0.700	0.000	0.000
1	2	1	3	6.552	0	0	0.000	11	1	0	0.710	0.000	0.000
1	2	1	3	6.562	0	0	0.000	11	1	0	0.720	0.000	0.000
1	2	1	3	6.572	0	0	0.000	11	1	0	0.730	0.000	0.000
1	2	1	3	6.582	0	0	0.000	11	1	0	0.740	0.000	0.000
1	2	1	3	6.592	0	0	0.000	11	1	0	0.750	0.000	0.000
1	2	1	3	6.602	0	0	0.000	11	1	0	0.760	0.000	0.000
1	2	1	3	6.612	0	0	0.000	11	1	0	0.770	0.000	0.000
1	2	1	3	6.622	0	0	0.000	11	1	0	0.780	0.000	0.000
1	2	1	3	6.632	0	0	0.000	11	1	0	0.790	0.000	0.000
1	2	1	3	6.642	0	0	0.000	11	1	0	0.800	0.000	0.000
1	2	1	3	6.652	0	0	0.000	11	1	0	0.810	0.000	0.000
1	2	1	3	6.662	0	0	0.000	11	1	0	0.820	0.000	0.000
1	2	1	3	6.672	0	0	0.000	11	1	0	0.830	0.000	0.000
1	2	1	3	6.682	0	0	0.000	11	1	0	0.840	0.000	0.000
1	2	1	3	6.692	0	0	0.000	11	1	0	0.850	0.000	0.000
1	2	1	3	6.702	0	0	0.000	11	1	0	0.860	0.000	0.000
1	2	1	3	6.712	0	0	0.000	11	1	0	0.870	0.000	0.000
1	2	1	3	6.732	0	0	0.000	11	1	0	0.890	0.000	0.000
1	2	1	3	6.742	0	0	0.000	11	1	0	0.900	0.000	0.000
1	2	1	3	6.752	0	0	0.000	11	1	0	0.910	0.000	0.000
1	2	1	3	6.762	0	0	0.000	11	1	0	0.920	0.000	0.000
1	2	1	3	6.772	0	0	0.000	11	1	0	0.930	0.000	0.000
1	2	1	3	6.782	0	0	0.000	11	1	0	0.940	0.000	0.000
1	2	1	3	6.792	0	0	0.000	11	1	0	0.950	0.000	0.000
1	2	1	3	6.802	0	0	0.000	11	1	0	0.960	0.000	0.000
1	2	1	3	6.812	0	0	0.000	11	1	0	0.970	0.000	0.000
1	2	1	3	6.822	0	0	0.000	11	1	0	0.980	0.000	0.000
1	2	1	3	6.832	0	0	0.000	11	1	0	0.990	0.000	0.000
1	2	1	3	6.842	0	0	0.000	11	1	0	1.000	0.000	0.000
1	2	1	3	6.852	0	0	0.000	11	1	0	1.010	0.000	0.000
1	2	1	3	6.862	0	0	0.000	11	1	0	1.020	0.000	0.000
1	2	1	3	6.872	0	0	0.000	11	1	0	1.030	0.000	0.000
1	2	1	3	6.882	0	0	0.000	11	1	0	1.040	0.000	0.000
1	2	1	3	6.892	0	0	0.000	11	1	0	1.050	0.000	0.000
1	2	1	3	6.902	0	0	0.000	11	1	0	1.060	0.000	0.000
1	2	1	3	6.912	0	0	0.000	11	1	0	1.070	0.000	0.000
1	2	1	3	6.922	0	0	0.000	11	1	0	1.080	0.000	0.000
1	2	1	3	6.942	0	0	0.000	11	1	0	1.100	0.000	0.000
1	2	1	3	6.952	0	0	0.000	11	1	0	1.110	0.000	0.000
1	2	1	3	6.962	0	0	0.000	11	1	0	1.120	0.000	0.000
1	2	1	3	6.972	0	0	0.000	11	1	0	1.130	0.000	0.000
1	2	1	3	6.982	0	0	0.000	11	1	0	1.140	0.000	0.000
1	2	1	3	6.992	0	0	0.000	11	1	0	1.150	0.000	0.000
1	2	1	3	7.002	0	0	0.000	11	1	0	1.160	0.000	0.000
1	2	1	3	7.012	0	0	0.000	11	1	0	1.170	0.000	0.000
1	2	1	3	7.022	0	0	0.000	11	1	0	1.180	0.000	0.000
1	2	1	3	7.032	0	0	0.000	11	1	0	1.190	0.000	0.000
1	2	1	3	7.042	0	0	0.000	11	1	0	1.200	0.000	0.000
1	2	1	3	7.052	0	0	0.000	11	1	0	1.210	0.000	0.000
1	2	1	3	7.062	0	0	0.000	11	1	0	1.220	0.000	0.000
1	2	1	3	7.072	0	0	0.000	11	1	0	1.230	0.000	0.000
1	2	1	3	7.082	0	0	0.000	11	1	0	1.240	0.000	0.000
1	2	1	3	7.092	0	0	0.000	11	1	0	1.250	0.000	0.000
1	2	1	3	7.102	0	0	0.000	11	1	0	1.260	0.000	0.000
1	2	1	3	7.112	0	0	0.000	11	1	0	1.270	0.000	0.000
1	2	1	3	7.122	0	0	0.000	11	1	0	1.280	0.000	0.000
1	2	1	3	7.132	0	0	0.000	11	1	0	1.290	0.000	0.000
1	2	1	3	7.142	0	0	0.000	11	1	0	1.300	0.000	0.000
1	2	1	3	7.152	0	0	0.000	11	1	0	1.310	0.000	0.000
1	2	1	3	7.162	0	0	0.000	11	1	0	1.320	0.000	0.000
1	2	1	3	7.172	0	0	0.000	11	1	0	1.330	0.000	0.000
1	2	1	3	7.182	0	0	0.000	11	1	0	1.340	0.000	0.000
1	2	1	3	7.192	0	0	0.000	11	1	0	1.350	0.000	0.000
1	2	1	3	7.202	0	0	0.000	11	1	0	1.360	0.000	0.000
1	2	1	3	7.212	0	0	0.000	11	1	0	1.370	0.000	0.000
1	2	1	3	7.222	0	0	0.000	11	1	0	1.380	0.000	0.000
1	2	1	3	7.232	0	0	0.000	11	1	0	1.390	0.000	0.000
1	2	1	3	7.242	0	0	0.000	11	1	0	1.400	0.000	0.000
1	2	1	3	7.252	0	0	0.000	11	1	0	1.410	0.000	0.000
1	2	1	3	7.262	0	0	0.000	11	1	0	1.420	0.000	0.000
1	2	1	3	7.272	0	0	0.000	11	1	0	1.430	0.000	0.000
1	2	1	3	7.282	0	0	0.000	11	1	0	1.440	0.000	0.000
1	2	1	3	7.292	0	0	0.000	11	1	0	1.450	0.000	0.000
1	2	1	3	7.302	0	0	0.000	11	1	0	1.460	0.000	0.000
1	2	1	3	7.312	0	0	0.000	11	1	0	1.470	0.000	0.000
1	2	1	3	7.322	0	0	0.000	11	1	0	1.480	0.000	0.000
1	2	1	3	7.332	0	0	0.000	11	1	0	1.490	0.000	0.000
1	2	1	3	7.342	0	0	0.000	11	1	0	1.500	0.000	0.000
1	2	1	3	7.352	0	0	0.000	11	1	0	1.510	0.000	0.000
1	2	1	3	7.362	0	0	0.000	11	1	0	1.520	0.000	0.000
1	2	1	3	7.372	0	0	0.000	11	1	0	1.530	0.000	0.000
1	2	1	3	7.382	0	0	0.000	11	1	0	1.540	0.000	0.000
1	2	1	3	7.392	0	0	0.000	11	1	0	1.550	0.000	0.000
1	2	1	3	7.402	0	0	0.000	11	1	0	1.560	0.000	0.000
1	2	1	3	7.412	0	0	0.000	11	1	0	1.570	0.000	0.000
1	2	1	3	7.422	0	0	0.000	11	1	0	1.580	0.000	0.000
1	2	1	3	7.432	0	0	0.000	11	1	0	1.590	0.000	0.000
1	2	1	3	7.442	0	0	0.000	11	1	0	1.600	0.000	0.000
1	2	1	3	7.452	0	0	0.000	11	1	0	1.610	0.000	0.000
1	2	1	3	7.462	0	0	0.000	11	1	0	1.620	0.000	0.000
1	2	1	3	7.472	0	0	0.000	11	1	0	1.630	0.000	0.000
1	2	1	3	7.482	0	0	0.000	11	1	0	1.640	0.000	0.000
1	2	1	3	7.492	0	0	0.000	11	1	0	1.650	0.000	0.000
1	2	1	3	7.512	0	0	0.000	11	1	0	1.670	0.000	0.000
1	2	1	3	7.522	0	0	0.000	11	1	0	1.680	0.000	0.000
1	2	1	3	7.532	0	0	0.000	11	1	0	1.690	742.052	414.811
1	2	1	3	7.542	0	0	0.000	11	1	0	1.700	0.000	0.000
1	2	1	3	7.553	0	0	0.000	11	1	0	1.711	0.000	0.000
1	2	1	3	7.562	0	0	0.000	11	1	0	1.720	0.000	0.000
1	2	1	3	7.572	0	0	0.000	11	1	0	1.730	841.705	640.570
1	2	1	3	7.592	0	0	0.000	11	1	0	1.750	852.320	814.815
1	2	1	3	7.602	0	0	0.000	11	1	0	1.760	0.000	0.000
1	2	1	3	7.622	0	3	0.063	11	1	0	1.780	839.192	595.740
1	2	1	3	7.632	0	3	0.063	11	1	0	1.790	833.790	580.332
1	2	1	3	7.642	0	3	0.063	11	1	0	1.800	833.689	574.265
1	2	1	3	7.652	0	3	0.063	11	1	0	1.810	835.329	558.356
1	2	1	3	7.662	0	3	0.063	11	1	0	1.820	838.396	547.992
1	2	1	3	7.672	0	0	0.000	11	1	0	1.830	835.984	536.081
1	2	1	3	7.682	0	0	0.000	11	1	0	1.840	834.112	541.407
1	2	1	3	7.692	0	2	0.063	11	1	0	1.850	834.722	531.182
1	2	1	3	7.702	0	2	0.063	11	1	0	1.860	834.800	524.048
1	2	1	3	7.712	0	2	0.063	11	1	0	1.870	835.416	526.470
1	2	1	3	7.732	0	2	0.063	11	1	0	1.890	843.705	519.306
1	2	1	3	7.742	0	2	0.063	11	1	0	1.900	839.756	513.748
1	2	1	3	7.752	0	2	0.063	11	1	0	1.910	842.328	514.571
1	2	1	3	7.762	0	2	0.063	11	1	0	1.920	799.750	527.961
1	2	1	3	7.773	0	0	0.000	11	1	0	1.931	483.385	916.713
1	2	1	3	7.782	0	0	0.000	11	1	0	1.940	0.000	0.000
1	2	1	3	7.792	0	0	0.000	11	1	0	1.950	0.000	0.000
1	2	1	3	7.803	0	0	0.000	11	1	0	1.961	0.000	0.000
1	2	1	3	7.812	0	0	0.000	11	1	0	1.971	0.000	0.000
1	2	1	3	7.822	0	0	0.000	11	1	0	1.980	821.864	979.066
1	2	1	3	7.842	0	2	0.063	11	1	0	2.000	790.802	522.683
1	2	1	3	7.853	0	2	0.063	11	1	0	2.011	827.874	520.536
1	2	1	3	7.863	0	2	0.063	11	1	0	2.021	817.224	529.998
1	2	1	3	7.873	0	3	0.063	11	1	0	2.031	817.294	549.500
1	2	1	3	7.883	0	3	0.063	11	1	0	2.041	809.528	546.560
1	2	1	3	7.893	0	3	0.063	11	1	0	2.051	814.533	552.734
1	2	1	3	7.902	0	3	0.063	11	1	0	2.060	803.957	557.791
1	2	1	3	7.912	0	3	0.063	11	1	0	2.070	815.780	549.609
1	2	1	3	7.922	0	3	0.063	11	1	0	2.080	813.657	553.826
1	2	1	3	7.943	0	3	0.063	11	1	0	2.101	812.982	559.456
1	2	1	3	7.952	0	3	0.063	11	1	0	2.110	810.575	566.211
1	2	1	3	7.963	0	3	0.063	11	1	0	2.121	811.193	564.386
1	2	1	3	7.973	0	3	0.063	11	1	0	2.131	812.685	568.714
1	2	1	3	7.983	0	3	0.063	11	1	0	2.141	809.884	566.054
1	2	1	3	7.993	0	3	0.063	11	1	0	2.151	814.428	564.015
1	2	1	3	8.003	0	3	0.063	11	1	0	2.161	815.282	564.786
1	2	1	3	8.013	0	3	0.063	11	1	0	2.171	818.170	559.506
1	2	1	3	8.023	0	3	0.063	11	1	0	2.181	817.755	570.424
1	2	1	3	8.033	0	3	0.063	11	1	0	2.191	821.902	565.939
1	2	1	3	8.053	0	0	0.000	11	1	0	0.020	818.247	633.502
1	2	1	3	8.063	1	3	0.063	11	1	0	0.030	818.309	629.800
1	2	1	3	8.073	1	3	0.063	11	1	0	0.040	821.157	616.248
1	2	1	3	8.083	1	3	0.063	11	1	0	0.050	823.094	630.673
1	2	1	3	8.093	1	3	0.063	11	1	0	0.060	817.516	629.758
1	2	1	3	8.103	1	3	0.063	11	1	0	0.070	820.542	616.870
1	2	1	3	8.113	1	3	0.063	11	1	0	0.080	814.305	630.196
1	2	1	3	8.123	0	0	0.000	11	1	0	0.090	815.985	634.484
1	2	1	3	8.133	1	4	0.063	11	1	0	0.100	810.853	639.102
1	2	1	3	8.143	1	4	0.063	11	1	0	0.110	810.627	645.445
1	2	1	3	8.163	1	4	0.063	11	1	0	0.130	808.821	645.186
1	2	1	3	8.173	1	4	0.063	11	1	0	0.140	811.910	655.257
1	2	1	3	8.183	1	4	0.063	11	1	0	0.150	811.867	654.247
1	2	1	3	8.193	1	4	0.063	11	1	0	0.160	813.431	646.217
1	2	1	3	8.203	1	4	0.063	11	1	0	0.170	814.039	649.991
1	2	1	3	8.213	1	4	0.063	11	1	0	0.180	813.357	649.893
1	2	1	3	8.223	1	4	0.063	11	1	0	0.190	816.038	653.607
1	2	1	3	8.233	1	4	0.063	11	1	0	0.200	815.973	653.978
1	2	1	3	8.243	1	7	0.063	11	1	0	0.210	884.959	619.065
1	2	1	3	8.263	1	7	0.063	11	1	0	0.230	874.731	609.333
1	2	1	3	8.273	1	4	0.063	11	1	0	0.240	844.523	653.260
1	2	1	3	8.283	0	0	0.000	11	1	0	0.250	877.164	616.117
1	2	1	3	8.293	1	7	0.063	11	1	0	0.260	876.602	604.945
1	2	1	3	8.303	1	7	0.063	11	1	0	0.270	869.220	590.453
1	2	1	3	8.313	1	3	0.063	11	1	0	0.280	856.048	601.216
1	2	1	3	8.323	0	0	0.000	11	1	0	0.290	851.833	624.541
1	2	1	3	8.333	1	3	0.063	11	1	0	0.300	854.478	606.373
1	2	1	3	8.343	1	3	0.063	11	1	0	0.310	853.437	607.650
1	2	1	3	8.353	1	3	0.063	11	1	0	0.320	855.601	610.978
1	2	1	3	8.373	1	3	0.063	11	1	0	0.340	848.018	612.126
1	2	1	3	8.383	1	3	0.063	11	1	0	0.350	848.081	606.490
1	2	1	3	8.393	1	7	0.063	11	1	0	0.360	902.652	604.599
1	2	1	3	8.403	1	7	0.063	11	1	0	0.370	927.651	603.034
1	2	1	3	8.413	1	7	0.063	11	1	0	0.380	872.777	602.993
1	2	1	3	8.423	1	7	0.063	11	1	0	0.390	878.214	602.902
1	2	1	3	8.433	1	7	0.063	11	1	0	0.400	901.249	605.828
1	2	1	3	8.443	1	7	0.063	11	1	0	0.410	914.344	595.451
1	2	1	3	8.453	1	7	0.063	11	1	0	0.420	915.061	597.971
1	2	1	3	8.463	1	7	0.063	11	1	0	0.430	914.223	595.993
1	2	1	3	8.473	1	7	0.063	11	1	0	0.440	910.408	594.470
1	2	1	3	8.483	1	7	0.063	11	1	0	0.450	914.402	597.075
1	2	1	3	8.493	1	7	0.063	11	1	0	0.460	905.900	595.405
1	2	1	3	8.503	1	7	0.063	11	1	0	0.470	910.825	595.254
1	2	1	3	8.513	1	7	0.063	11	1	0	0.480	912.379	590.970
1	2	1	3	8.523	1	7	0.063	11	1	0	0.490	912.760	589.535
1	2	1	3	8.533	1	7	0.063	11	1	0	0.500	909.749	589.427
1	2	1	3	8.543	1	7	0.063	11	1	0	0.510	912.485	590.788
1	2	1	3	8.553	1	7	0.063	11	1	0	0.520	910.593	589.816
1	2	1	3	8.563	1	7	0.063	11	1	0	0.530	910.359	589.323
1	2	1	3	8.573	1	7	0.063	11	1	0	0.540	911.947	591.022
1	2	1	3	8.583	1	7	0.063	11	1	0	0.550	911.206	592.005
1	2	1	3	8.603	0	7	0.063	11	1	0	0.019	913.840	586.868
1	2	1	3	8.613	0	7	0.063	11	1	0	0.029	915.257	586.840
1	2	1	3	8.623	0	7	0.063	11	1	0	0.039	916.125	584.703
1	2	1	3	8.633	0	7	0.063	11	1	0	0.049	917.892	584.922
1	2	1	3	8.643	0	7	0.063	11	1	0	0.059	917.545	584.410
1	2	1	3	8.653	0	7	0.063	11	1	0	0.069	916.946	584.232
1	2	1	3	8.663	0	7	0.063	11	1	0	0.080	921.776	579.568
1	2	1	3	8.673	0	7	0.063	11	1	0	0.089	915.900	582.922
1	2	1	3	8.683	0	7	0.063	11	1	0	0.099	921.034	577.582
1	2	1	3	8.693	0	7	0.063	11	1	0	0.109	917.436	579.810
1	2	1	3	8.703	0	7	0.063	11	1	0	0.119	919.401	580.463
1	2	1	3	8.713	0	7	0.063	11	1	0	0.129	918.419	581.129
1	2	1	3	8.723	0	7	0.063	11	1	0	0.139	921.237	580.880
1	2	1	3	8.733	0	7	0.063	11	1	0	0.149	918.413	580.240
1	2	1	3	8.743	0	7	0.063	11	1	0	0.160	917.311	577.439
1	2	1	3	8.753	0	7	0.063	11	1	0	0.170	918.580	579.439
1	2	1	3	8.763	0	7	0.063	11	1	0	0.180	915.362	577.284
1	2	1	3	8.773	0	7	0.063	11	1	0	0.189	902.059	552.059
1	2	1	3	8.783	0	2	0.063	11	1	0	0.199	825.753	504.375
1	2	1	3	8.793	0	2	0.063	11	1	0	0.210	826.298	489.533
1	2	1	3	8.803	0	2	0.063	11	1	0	0.220	829.810	503.106
1	2	1	3	8.823	1	2	0.063	11	1	0	0.020	826.604	487.037
1	2	1	3	8.833	1	2	0.063	11	1	0	0.030	820.993	491.164
1	2	1	3	8.843	1	2	0.063	11	1	0	0.040	820.109	485.386
1	2	1	3	8.853	1	2	0.063	11	1	0	0.050	821.578	484.319
1	2	1	3	8.863	1	2	0.063	11	1	0	0.060	818.383	483.285
1	2	1	3	8.873	1	2	0.063	11	1	0	0.070	821.147	481.446
1	2	1	3	8.883	1	2	0.063	11	1	0	0.080	820.148	482.512
1	2	1	3	8.893	1	2	0.063	11	1	0	0.090	819.718	484.140
1	2	1	3	8.903	1	2	0.063	11	1	0	0.100	819.117	485.560
1	2	1	3	8.913	1	2	0.063	11	1	0	0.110	821.667	485.117
1	2	1	3	8.923	1	2	0.063	11	1	0	0.120	820.661	487.575
1	2	1	3	8.933	1	2	0.063	11	1	0	0.130	822.267	487.191
1	2	1	3	8.943	1	2	0.063	11	1	0	0.140	826.974	488.844
1	2	1	3	8.954	1	2	0.063	11	1	0	0.150	830.582	493.157
1	2	1	3	8.963	1	2	0.063	11	1	0	0.160	830.580	494.215
1	2	1	3	8.974	1	2	0.063	11	1	0	0.171	835.987	496.197
1	2	1	3	8.983	1	2	0.063	11	1	0	0.180	833.258	498.204
1	2	1	3	8.993	1	2	0.063	11	1	0	0.190	835.993	501.190
1	2	1	3	9.003	1	2	0.063	11	1	0	0.200	837.985	501.691
1	2	1	3	9.013	1	2	0.063	11	1	0	0.210	836.304	499.811
1	2	1	3	9.023	1	2	0.063	11	1	0	0.220	835.831	502.247
1	2	1	3	9.033	1	2	0.063	11	1	0	0.230	835.046	500.908
1	2	1	3	9.043	1	2	0.063	11	1	0	0.240	830.627	501.900
1	2	1	3	9.053	1	2	0.063	11	1	0	0.250	824.376	500.509
1	2	1	3	9.063	1	2	0.063	11	1	0	0.260	823.345	498.231
1	2	1	3	9.073	1	2	0.063	11	1	0	0.270	824.251	497.522
1	2	1	3	9.083	1	2	0.063	11	1	0	0.280	821.021	498.722
1	2	1	3	9.093	1	2	0.063	11	1	0	0.290	823.006	497.229
1	2	1	3	9.103	0	0	0.000	11	1	0	0.300	867.594	495.484
1	2	1	3	9.114	1	6	0.063	11	1	0	0.310	897.722	498.090
1	2	1	3	9.123	1	6	0.063	11	1	0	0.320	890.592	501.374
1	2	1	3	9.133	1	6	0.063	11	1	0	0.330	886.304	503.492
1	2	1	3	9.143	1	6	0.063	11	1	0	0.340	885.948	505.947
1	2	1	3	9.153	1	6	0.063	11	1	0	0.350	894.108	508.626
1	2	1	3	9.163	1	6	0.063	11	1	0	0.360	887.767	509.907
1	2	1	3	9.173	1	6	0.063	11	1	0	0.370	889.510	516.526
1	2	1	3	9.183	1	6	0.063	11	1	0	0.380	896.898	512.033
1	2	1	3	9.194	1	6	0.063	11	1	0	0.390	895.248	515.253
1	2	1	3	9.204	1	6	0.063	11	1	0	0.401	894.588	515.535
1	2	1	3	9.213	1	6	0.063	11	1	0	0.410	893.971	520.634
1	2	1	3	9.223	1	6	0.063	11	1	0	0.420	893.714	519.486
1	2	1	3	9.233	1	6	0.063	11	1	0	0.430	894.877	522.478
1	2	1	3	9.243	1	6	0.063	11	1	0	0.440	891.455	523.558
1	2	1	3	9.253	1	6	0.063	11	1	0	0.450	895.031	526.174
1	2	1	3	9.263	1	6	0.063	11	1	0	0.460	894.911	525.315
1	2	1	3	9.273	1	6	0.063	11	1	0	0.470	894.409	525.028
1	2	1	3	9.283	1	6	0.063	11	1	0	0.480	895.625	525.194
1	2	1	3	9.293	1	6	0.063	11	1	0	0.490	895.720	528.394
1	2	1	3	9.303	1	6	0.063	11	1	0	0.500	896.680	526.599
1	2	1	3	9.313	1	6	0.063	11	1	0	0.510	897.485	524.927
1	2	1	3	9.323	1	6	0.063	11	1	0	0.520	896.536	523.896
1	2	1	3	9.343	0	6	0.063	11	1	0	0.019	896.758	524.885
1	2	1	3	9.353	0	6	0.063	11	1	0	0.029	895.956	525.016
1	2	1	3	9.364	0	6	0.063	11	1	0	0.039	886.895	527.700
1	2	1	3	9.373	0	6	0.063	11	1	0	0.049	895.254	527.788
1	2	1	3	9.383	0	6	0.063	11	1	0	0.059	887.473	527.344
1	2	1	3	9.394	0	6	0.063	11	1	0	0.069	895.340	524.628
1	2	1	3	9.404	0	6	0.063	11	1	0	0.079	892.785	523.350
1	2	1	3	9.414	0	6	0.063	11	1	0	0.089	894.503	523.821
1	2	1	3	9.424	0	6	0.063	11	1	0	0.099	891.981	523.239
1	2	1	3	9.434	0	6	0.063	11	1	0	0.109	890.265	524.994
1	2	1	3	9.444	0	6	0.063	11	1	0	0.119	888.542	522.678
1	2	1	3	9.454	0	6	0.063	11	1	0	0.129	889.282	523.435
1	2	1	3	9.464	0	6	0.063	11	1	0	0.139	888.283	524.244
1	2	1	3	9.484	0	6	0.063	11	1	0	0.159	886.547	528.195
1	2	1	3	9.494	0	0	0.000	11	1	0	0.169	884.994	532.526
1	2	1	3	9.504	0	0	0.000	11	1	0	0.179	884.054	528.169
1	2	1	3	9.514	0	0	0.000	11	1	0	0.189	882.216	528.708
1	2	1	3	9.524	0	0	0.000	11	1	0	0.199	882.205	526.518
1	2	1	3	9.534	0	0	0.000	11	1	0	0.209	878.816	526.806
1	2	1	3	9.544	0	0	0.000	11	1	0	0.219	881.753	530.987
1	2	1	3	9.554	0	6	0.063	11	1	0	0.229	877.631	515.156
1	2	1	3	9.564	0	0	0.000	11	1	0	0.240	863.055	510.602
1	2	1	3	9.574	0	2	0.063	11	1	0	0.249	853.744	492.776
1	2	1	3	9.584	0	2	0.063	11	1	0	0.259	862.075	493.987
1	2	1	3	9.594	0	2	0.063	11	1	0	0.269	856.394	490.396
1	2	1	3	9.604	0	2	0.063	11	1	0	0.279	848.047	498.337
1	2	1	3	9.614	0	2	0.063	11	1	0	0.289	844.290	486.288
1	2	1	3	9.624	0	2	0.063	11	1	0	0.299	838.732	487.374
1	2	1	3	9.634	0	2	0.063	11	1	0	0.309	835.517	485.113
1	2	1	3	9.644	0	2	0.063	11	1	0	0.320	836.765	485.132
1	2	1	3	9.654	0	2	0.063	11	1	0	0.330	837.867	479.961
1	2	1	3	9.664	0	2	0.063	11	1	0	0.340	835.211	481.683
1	2	1	3	9.674	0	2	0.063	11	1	0	0.350	835.393	480.097
1	2	1	3	9.684	0	2	0.063	11	1	0	0.360	834.341	477.589
1	2	1	3	9.694	0	2	0.063	11	1	0	0.370	834.484	475.794
1	2	1	3	9.704	0	2	0.063	11	1	0	0.380	835.378	473.132
1	2	1	3	9.714	0	2	0.063	11	1	0	0.390	833.294	474.074
1	2	1	3	9.724	0	2	0.063	11	1	0	0.400	834.852	470.998
1	2	1	3	9.744	1	2	0.063	11	1	0	0.020	831.584	467.592
1	2	1	3	9.754	1	2	0.063	11	1	0	0.030	831.741	469.294
1	2	1	3	9.764	1	2	0.063	11	1	0	0.040	831.421	467.264
1	2	1	3	9.774	1	2	0.063	11	1	0	0.050	831.106	469.879
1	2	1	3	9.784	1	2	0.063	11	1	0	0.060	831.208	472.876
1	2	1	3	9.794	1	2	0.063	11	1	0	0.070	830.284	471.231
1	2	1	3	9.804	1	2	0.063	11	1	0	0.080	830.206	472.008
1	2	1	3	9.814	1	2	0.063	11	1	0	0.090	830.948	473.815
1	2	1	3	9.824	1	2	0.063	11	1	0	0.100	830.205	475.199
1	2	1	3	9.834	1	2	0.063	11	1	0	0.110	831.984	476.387
1	2	1	3	9.844	1	2	0.063	11	1	0	0.120	829.383	478.133
1	2	1	3	9.854	1	2	0.063	11	1	0	0.130	825.455	479.641
1	2	1	3	9.864	1	2	0.063	11	1	0	0.140	824.501	477.737
1	2	1	3	9.874	1	2	0.063	11	1	0	0.150	822.892	475.984
1	2	1	3	9.884	1	2	0.063	11	1	0	0.160	820.086	475.228
1	2	1	3	9.894	1	2	0.063	11	1	0	0.170	825.737	477.921
1	2	1	3	9.904	1	2	0.063	11	1	0	0.180	823.677	478.621
1	2	1	3	9.914	1	2	0.063	11	1	0	0.190	822.118	480.449
1	2	1	3	9.924	1	2	0.063	11	1	0	0.200	818.029	480.185
1	2	1	3	9.934	1	2	0.063	11	1	0	0.210	821.296	479.298
1	2	1	3	9.944	1	2	0.063	11	1	0	0.220	823.297	479.995
1	2	1	3	9.954	1	2	0.063	11	1	0	0.230	822.674	480.133
1	2	1	3	9.964	1	2	0.063	11	1	0	0.240	820.582	479.833
1	2	1	3	9.974	1	2	0.063	11	1	0	0.250	821.491	482.059
1	2	1	3	9.984	1	2	0.063	11	1	0	0.260	818.479	483.502
1	2	1	3	9.994	1	2	0.063	11	1	0	0.270	817.926	483.100
1	2	1	3	10.004	1	2	0.063	11	1	0	0.280	816.298	481.952
1	2	1	3	10.014	1	2	0.063	11	1	0	0.290	816.281	479.745
1	2	1	3	10.024	1	2	0.063	11	1	0	0.300	815.527	482.823
1	2	1	3	10.034	1	2	0.063	11	1	0	0.310	814.470	484.733
1	2	1	3	10.044	1	2	0.063	11	1	0	0.320	814.814	484.868
1	2	1	3	10.054	1	2	0.063	11	1	0	0.330	815.876	488.566
1	2	1	3	10.064	1	2	0.063	11	1	0	0.340	818.501	486.870
1	2	1	3	10.074	1	2	0.063	11	1	0	0.350	818.852	483.123
1	2	1	3	10.084	1	2	0.063	11	1	0	0.360	818.570	482.057
1	2	1	3	10.094	1	2	0.063	11	1	0	0.370	857.736	483.794
1	2	1	3	10.104	1	6	0.063	11	1	0	0.380	930.284	483.562
1	2	1	3	10.114	1	6	0.063	11	1	0	0.390	880.415	483.546
1	2	1	3	10.124	1	6	0.063	11	1	0	0.400	903.780	481.276
1	2	1	3	10.134	1	6	0.063	11	1	0	0.410	918.252	480.369
1	2	1	3	10.144	1	6	0.063	11	1	0	0.420	923.103	483.356
1	2	1	3	10.154	1	6	0.063	11	1	0	0.430	922.705	483.730
1	2	1	3	10.164	1	6	0.063	11	1	0	0.440	921.382	486.161
1	2	1	3	10.174	1	6	0.063	11	1	0	0.450	926.936	485.782
1	2	1	3	10.184	1	6	0.063	11	1	0	0.460	925.314	487.269
1	2	1	3	10.194	1	6	0.063	11	1	0	0.470	923.486	489.825
1	2	1	3	10.204	1	6	0.063	11	1	0	0.480	924.267	495.167
1	2	1	3	10.214	1	6	0.063	11	1	0	0.490	925.836	497.332
1	2	1	3	10.224	1	6	0.063	11	1	0	0.500	925.537	497.669
1	2	1	3	10.234	1	6	0.063	11	1	0	0.510	925.268	496.822
1	2	1	3	10.244	1	6	0.063	11	1	0	0.520	924.899	496.389
1	2	1	3	10.264	0	6	0.063	11	1	0	0.019	924.742	500.994
1	2	1	3	10.274	0	6	0.063	11	1	0	0.029	927.248	500.501
1	2	1	3	10.284	0	6	0.063	11	1	0	0.039	927.511	499.616
1	2	1	3	10.294	0	6	0.063	11	1	0	0.049	930.767	498.371
1	2	1	3	10.304	0	6	0.063	11	1	0	0.059	934.562	498.001
1	2	1	3	10.314	0	6	0.063	11	1	0	0.069	933.393	497.078
1	2	1	3	10.324	0	6	0.063	11	1	0	0.079	935.664	496.731
1	2	1	3	10.334	0	6	0.063	11	1	0	0.089	940.704	497.279
1	2	1	3	10.344	0	6	0.063	11	1	0	0.099	941.806	497.092
1	2	1	3	10.354	0	6	0.063	11	1	0	0.109	945.626	496.992
1	2	1	3	10.364	0	6	0.063	11	1	0	0.119	947.205	495.517
1	2	1	3	10.374	0	6	0.063	11	1	0	0.129	948.931	494.813
1	2	1	3	10.384	0	6	0.063	11	1	0	0.139	947.601	494.460
1	2	1	3	10.394	0	6	0.063	11	1	0	0.149	947.952	495.241
1	2	1	3	10.404	0	6	0.063	11	1	0	0.159	949.646	492.583
1	2	1	3	10.414	0	6	0.063	11	1	0	0.169	951.093	493.177
1	2	1	3	10.424	0	6	0.063	11	1	0	0.179	950.263	491.901
1	2	1	3	10.434	0	6	0.063	11	1	0	0.189	950.805	490.313
1	2	1	3	10.444	0	6	0.063	11	1	0	0.199	950.082	488.017
1	2	1	3	10.454	0	6	0.063	11	1	0	0.209	949.210	490.487
1	2	1	3	10.464	0	6	0.063	11	1	0	0.219	946.596	490.830
1	2	1	3	10.484	1	6	0.063	11	1	0	0.020	950.888	493.431
1	2	1	3	10.494	1	6	0.063	11	1	0	0.030	955.879	492.440
1	2	1	3	10.504	1	6	0.063	11	1	0	0.040	951.396	491.241
1	2	1	3	10.514	1	6	0.063	11	1	0	0.050	951.446	491.079
1	2	1	3	10.524	1	6	0.063	11	1	0	0.060	955.658	490.130
1	2	1	3	10.534	0	0	0.000	11	1	0	0.070	959.290	492.293
1	2	1	3	10.544	1	6	0.063	11	1	0	0.080	956.648	493.323
1	2	1	3	10.554	0	0	0.000	11	1	0	0.090	959.299	491.448
1	2	1	3	10.565	0	0	0.000	11	1	0	0.100	959.876	492.306
1	2	1	3	10.574	1	10	0.063	11	1	0	0.110	962.812	488.270
1	2	1	3	10.584	0	0	0.000	11	1	0	0.120	958.286	491.860
1	2	1	3	10.594	0	0	0.000	11	1	0	0.130	959.514	490.440
1	2	1	3	10.604	1	6	0.063	11	1	0	0.140	956.978	494.030
1	2	1	3	10.614	1	6	0.063	11	1	0	0.150	953.761	496.083
1	2	1	3	10.624	1	6	0.063	11	1	0	0.160	953.872	494.287
1	2	1	3	10.634	1	6	0.063	11	1	0	0.170	951.974	495.489
1	2	1	3	10.644	1	6	0.063	11	1	0	0.180	952.984	493.833
1	2	1	3	10.654	1	6	0.063	11	1	0	0.190	950.122	498.943
1	2	1	3	10.664	1	6	0.063	11	1	0	0.200	951.288	498.096
1	2	1	3	10.674	1	6	0.063	11	1	0	0.210	950.993	499.633
1	2	1	3	10.684	1	6	0.063	11	1	0	0.220	949.217	500.390
1	2	1	3	10.694	1	6	0.063	11	1	0	0.230	949.646	501.871
1	2	1	3	10.704	1	6	0.063	11	1	0	0.240	952.384	502.404
1	2	1	3	10.714	1	6	0.063	11	1	0	0.250	950.416	503.631
1	2	1	3	10.724	1	6	0.063	11	1	0	0.260	950.873	504.239
1	2	1	3	10.734	1	6	0.063	11	1	0	0.270	948.271	506.437
1	2	1	3	10.744	1	6	0.063	11	1	0	0.280	953.456	508.568
1	2	1	3	10.754	1	7	0.063	11	1	0	0.290	949.025	607.680
1	2	1	3	10.764	1	7	0.063	11	1	0	0.300	951.874	599.376
1	2	1	3	10.774	1	7	0.063	11	1	0	0.310	954.268	597.655
1	2	1	3	10.785	1	7	0.063	11	1	0	0.320	952.651	586.128
1	2	1	3	10.794	1	7	0.063	11	1	0	0.330	951.463	596.194
1	2	1	3	10.804	1	7	0.063	11	1	0	0.340	951.744	596.645
1	2	1	3	10.814	1	7	0.063	11	1	0	0.350	950.371	594.557
1	2	1	3	10.824	1	7	0.063	11	1	0	0.360	951.404	598.150
1	2	1	3	10.835	1	7	0.063	11	1	0	0.370	950.437	594.810
1	2	1	3	10.844	1	7	0.063	11	1	0	0.380	950.536	598.888
1	2	1	3	10.854	1	7	0.063	11	1	0	0.390	950.761	594.795
1	2	1	3	10.864	1	7	0.063	11	1	0	0.400	948.536	594.643
1	2	1	3	10.875	1	7	0.063	11	1	0	0.410	949.157	597.505
1	2	1	3	10.884	1	7	0.063	11	1	0	0.420	948.807	595.732
1	2	1	3	10.894	1	7	0.063	11	1	0	0.430	949.183	594.653
1	2	1	3	10.904	1	7	0.063	11	1	0	0.440	949.255	596.427
1	2	1	3	10.915	1	7	0.063	11	1	0	0.450	952.458	597.859
1	2	1	3	10.925	1	11	0.063	11	1	0	0.460	980.423	598.274
1	2	1	3	10.934	1	11	0.063	11	1	0	0.470	1042.107	594.469
1	2	1	3	10.945	1	11	0.063	11	1	0	0.480	1007.666	597.319
1	2	1	3	10.955	1	11	0.063	11	1	0	0.490	1022.581	600.153
1	2	1	3	10.965	1	11	0.063	11	1	0	0.500	1028.688	602.682
1	2	1	3	10.975	1	11	0.063	11	1	0	0.510	1029.599	601.024
1	2	1	3	10.985	1	11	0.063	11	1	0	0.520	1028.799	603.544
1	2	1	3	11.005	0	11	0.063	11	1	0	0.019	1027.150	606.080
1	2	1	3	11.015	0	11	0.063	11	1	0	0.029	1029.802	606.862
1	2	1	3	11.025	0	11	0.063	11	1	0	0.039	1029.337	610.118
1	2	1	3	11.035	0	11	0.063	11	1	0	0.049	1030.395	611.401
1	2	1	3	11.045	0	11	0.063	11	1	0	0.059	1029.126	610.430
1	2	1	3	11.055	0	11	0.063	11	1	0	0.069	1030.397	611.446
1	2	1	3	11.065	0	11	0.063	11	1	0	0.079	1028.876	612.195
1	2	1	3	11.075	0	11	0.063	11	1	0	0.089	1028.785	611.813
1	2	1	3	11.085	0	11	0.063	11	1	0	0.099	1028.313	611.801
1	2	1	3	11.095	0	11	0.063	11	1	0	0.109	1027.374	613.046
1	2	1	3	11.105	0	11	0.063	11	1	0	0.119	1025.831	613.128
1	2	1	3	11.115	0	11	0.063	11	1	0	0.129	1021.735	613.580
1	2	1	3	11.125	0	11	0.063	11	1	0	0.139	1024.001	612.350
1	2	1	3	11.135	0	11	0.063	11	1	0	0.149	1024.267	611.300
1	2	1	3	11.145	0	11	0.063	11	1	0	0.159	1024.393	611.579
1	2	1	3	11.155	0	11	0.063	11	1	0	0.169	1022.699	611.227
1	2	1	3	11.165	0	11	0.063	11	1	0	0.179	1023.157	609.580
1	2	1	3	11.175	0	11	0.063	11	1	0	0.189	1020.516	607.365
1	2	1	3	11.185	0	11	0.063	11	1	0	0.199	1024.143	602.918
1	2	1	3	11.195	0	11	0.063	11	1	0	0.209	1020.919	604.694
1	2	1	3	11.205	0	11	0.063	11	1	0	0.220	1021.030	601.739
1	2	1	3	999.000	1	11	0.063	11	1	1	0.200	9.000	9.000
